ID,sp,sex,red,lon,lat,acc,link
471,ame,m,1,-116.925437507296,34.1450267655343,10,https://www.inaturalist.org/observations/70802771
737,ame,m,1,-116.806571250514,34.2200511407586,404,https://www.inaturalist.org/observations/223391342
529,ame,m,1,-117.19166367659,34.236019181631,28850,https://www.inaturalist.org/observations/48249386
682,ame,m,1,-116.802656159789,34.2635630488381,120,https://www.inaturalist.org/observations/10971099
738,ame,m,1,-116.841798148836,34.2872185799266,28850,https://www.inaturalist.org/observations/223389127
98,ame,m,1,-119.117455780452,34.8079657782512,2000,https://www.inaturalist.org/observations/171758898
616,ame,m,1,-119.103302593708,34.8124873067194,,https://www.inaturalist.org/observations/37892845
100,ame,m,1,-119.200733951726,34.8347694346835,2000,https://www.inaturalist.org/observations/171396488
534,ame,m,1,-118.59007343976,36.0020416947471,244,https://www.inaturalist.org/observations/46502540
644,ame,m,1,-118.553861080104,36.1705734190621,,https://www.inaturalist.org/observations/27911590
611,ame,m,1,-117.073448448563,36.2279575905189,,https://www.inaturalist.org/observations/37892851
646,ame,m,1,-115.627830182541,36.3058982178321,130,https://www.inaturalist.org/observations/27072555
610,ame,m,1,-115.685432849949,36.3083016732999,,https://www.inaturalist.org/observations/37892852
608,ame,m,1,-115.637033767115,36.3570797797236,,https://www.inaturalist.org/observations/37892854
294,ame,m,1,-118.168193429992,36.4455215900176,33,https://www.inaturalist.org/observations/121455436
83,ame,m,1,-118.215245864308,36.45281222024,,https://www.inaturalist.org/observations/177304838
299,ame,m,1,-118.5593457744,36.4827506247128,,https://www.inaturalist.org/observations/120373854
493,ame,m,1,-118.737036492279,37.1007374397099,130,https://www.inaturalist.org/observations/53627053
703,ame,m,1,-118.637344370027,37.1611894726915,31,https://www.inaturalist.org/observations/3760687
669,ame,m,1,-118.563037910072,37.1780270382693,,https://www.inaturalist.org/observations/16022416
617,ame,m,1,-118.589128110336,37.2470494634756,,https://www.inaturalist.org/observations/37892072
614,ame,m,1,-118.182319862129,37.3849783772607,,https://www.inaturalist.org/observations/37892847
745,ame,m,1,-118.175729310772,37.3951406685615,200,https://www.inaturalist.org/observations/223130936
739,ame,m,1,-118.177789415459,37.3972007732482,280,https://www.inaturalist.org/observations/223387209
688,ame,m,1,-119.406146900854,37.4943601261018,,https://www.inaturalist.org/observations/8238773
67,ame,m,1,-118.198724894905,37.5288824864576,279,https://www.inaturalist.org/observations/183177786
638,ame,m,1,-118.224409316973,37.5453008965363,508,https://www.inaturalist.org/observations/29607828
672,ame,m,1,-118.221742774543,37.5466341677513,,https://www.inaturalist.org/observations/14736906
476,ame,m,1,-118.68408912637,37.5490911324318,50,https://www.inaturalist.org/observations/64963807
505,ame,m,1,-118.243476433077,37.5617505203225,,https://www.inaturalist.org/observations/51615000
503,ame,m,1,-118.968428164144,37.5666778269866,27,https://www.inaturalist.org/observations/52267699
258,ame,m,1,-118.98339290728,37.5922552306291,59,https://www.inaturalist.org/observations/125197528
96,ame,m,1,-118.835890303533,37.6141092848921,,https://www.inaturalist.org/observations/172196836
433,ame,m,1,-118.835912599038,37.6141137439931,7,https://www.inaturalist.org/observations/82127441
219,ame,m,1,-118.934623719058,37.7531797285469,,https://www.inaturalist.org/observations/134010002
670,ame,m,1,-118.676517572782,37.7713193516323,1710,https://www.inaturalist.org/observations/15433023
289,ame,m,1,-119.491734886474,37.8418667893989,4,https://www.inaturalist.org/observations/121930479
290,ame,m,1,-119.491547604229,37.8423126995043,4,https://www.inaturalist.org/observations/121930328
224,ame,m,1,-119.271620281172,37.9214572841019,14400,https://www.inaturalist.org/observations/132677569
267,ame,m,1,-119.269292630422,37.9222599222915,1210,https://www.inaturalist.org/observations/123903063
268,ame,m,1,-119.269292630422,37.9222599222915,1210,https://www.inaturalist.org/observations/123903025
269,ame,m,1,-119.269292630422,37.9222599222915,1210,https://www.inaturalist.org/observations/123903021
404,ame,m,1,-119.270411864787,37.9239365442876,1360,https://www.inaturalist.org/observations/84515777
399,ame,m,1,-119.26801286842,37.9256666754963,122,https://www.inaturalist.org/observations/84852659
671,ame,m,1,-119.266853502146,37.9716310891553,15,https://www.inaturalist.org/observations/15044586
359,ame,m,1,-120.265861583958,38.2457231127085,190,https://www.inaturalist.org/observations/95221032
750,ame,m,1,-120.314795758919,38.3112183889815,15,https://www.inaturalist.org/observations/222487972
618,ame,m,1,-119.375196280442,38.3489513020957,,https://www.inaturalist.org/observations/37892071
446,ame,m,1,-115.119439153235,38.386933924869,,https://www.inaturalist.org/observations/80363486
235,ame,m,1,-120.079747624189,38.4087656836267,,https://www.inaturalist.org/observations/127256485
508,ame,m,1,-115.774614871018,38.5486030926627,,https://www.inaturalist.org/observations/50932629
767,ame,m,1,-115.774061942487,38.549708949724,,https://www.inaturalist.org/observations/221133680
118,ame,m,1,-107.686906958027,38.555050952786,4,https://www.inaturalist.org/observations/168370190
276,ame,m,1,-106.73075529644,38.6115923541437,28210,https://www.inaturalist.org/observations/123012389
280,ame,m,1,-106.729212447476,38.6127249658113,28210,https://www.inaturalist.org/observations/123012349
273,ame,m,1,-106.700567182308,38.6139423003989,28210,https://www.inaturalist.org/observations/123093893
4,ame,m,NA,-106.637961403518,38.6457133954047,28210,https://www.inaturalist.org/observations/208996662
274,ame,m,1,-106.652622927782,38.6659577141873,28210,https://www.inaturalist.org/observations/123012391
238,ame,m,1,-119.990632489636,38.6761690555997,4,https://www.inaturalist.org/observations/126906400
602,ame,m,1,-106.8499515267,38.6762181057113,,https://www.inaturalist.org/observations/37897402
275,ame,m,1,-106.784126276949,38.6906834295287,28210,https://www.inaturalist.org/observations/123012390
278,ame,m,1,-106.776545805158,38.6945940611525,28210,https://www.inaturalist.org/observations/123012373
9,ame,m,1,-106.651954062624,38.7024019470971,28210,https://www.inaturalist.org/observations/208996607
626,ame,m,1,-119.993562119028,38.7067183569169,150,https://www.inaturalist.org/observations/36583265
506,ame,m,1,-120.006484593881,38.7074273539843,15,https://www.inaturalist.org/observations/51273575
8,ame,m,1,-106.786453927699,38.7246617795559,28210,https://www.inaturalist.org/observations/208996612
7,ame,m,1,-106.667886430688,38.7308733073234,28210,https://www.inaturalist.org/observations/208996613
279,ame,m,1,-106.74121188841,38.7397469184197,28210,https://www.inaturalist.org/observations/123012356
255,ame,m,1,-120.033854556147,38.7446207158711,4,https://www.inaturalist.org/observations/125372419
277,ame,m,1,-106.782900024159,38.7672461946163,28210,https://www.inaturalist.org/observations/123012381
5,ame,m,1,-106.66125128832,38.7917712504103,28210,https://www.inaturalist.org/observations/208996621
501,ame,m,0,-112.236260216795,38.8254775952733,,https://www.inaturalist.org/observations/52511695
368,ame,m,1,-120.083992688392,38.8662739108112,84,https://www.inaturalist.org/observations/89143712
81,ame,m,1,-120.193543883073,38.8679817465147,6,https://www.inaturalist.org/observations/177452363
372,ame,m,1,-120.196527021678,38.8688066802096,11,https://www.inaturalist.org/observations/88476309
621,ame,m,1,-120.001048949697,38.8883197064195,,https://www.inaturalist.org/observations/37892067
444,ame,m,0,-112.110803408656,38.9585237934049,,https://www.inaturalist.org/observations/80388311
578,ame,m,0,-112.112190189084,38.9590098354198,,https://www.inaturalist.org/observations/37950206
499,ame,m,1,-114.645945048774,39.0259052694236,,https://www.inaturalist.org/observations/52514139
633,ame,m,1,-120.196388789545,39.1055314369349,25,https://www.inaturalist.org/observations/33498130
349,ame,m,1,-120.168782494924,39.1300074426173,,https://www.inaturalist.org/observations/97102416
498,ame,m,1,-112.950420923313,39.1438975423988,,https://www.inaturalist.org/observations/52514146
640,ame,m,1,-120.363123496136,39.1525972485541,,https://www.inaturalist.org/observations/28646829
653,ame,m,1,-119.731277795065,39.1733276093515,,https://www.inaturalist.org/observations/25947645
296,ame,m,1,-120.137796201703,39.1884038300132,,https://www.inaturalist.org/observations/121029928
740,ame,m,1,-107.388579720249,39.2076403919578,28120,https://www.inaturalist.org/observations/223358583
347,ame,m,1,-119.789428931903,39.2302034432882,2,https://www.inaturalist.org/observations/97833089
346,ame,m,1,-119.78874223034,39.2318443924759,,https://www.inaturalist.org/observations/97835953
789,ame,m,1,-117.749443709164,39.2519504791259,,https://www.inaturalist.org/observations/217793098
443,ame,m,0,-111.551003403306,39.2555133008676,,https://www.inaturalist.org/observations/80389868
785,ame,m,1,-116.039284814045,39.2738669608036,,https://www.inaturalist.org/observations/218405546
97,ame,m,1,-120.432252939768,39.2933844461145,24,https://www.inaturalist.org/observations/172046288
292,ame,m,1,-120.231308009895,39.3214723236502,16,https://www.inaturalist.org/observations/121638958
375,ame,m,1,-119.932485811899,39.3227030355409,15,https://www.inaturalist.org/observations/87792464
109,ame,m,1,-120.172612862729,39.3291954866747,,https://www.inaturalist.org/observations/169872145
108,ame,m,1,-120.172742176659,39.3291999457758,7,https://www.inaturalist.org/observations/169895441
649,ame,m,1,-120.172394366777,39.3498634200575,,https://www.inaturalist.org/observations/26916388
742,ame,m,1,-107.248612997282,39.3504208076891,28120,https://www.inaturalist.org/observations/223358562
687,ame,m,1,-120.090578780648,39.364261857359,12,https://www.inaturalist.org/observations/9043454
316,ame,m,1,-120.08990991549,39.3646275036454,198,https://www.inaturalist.org/observations/118103500
709,ame,m,1,-120.158111866103,39.368011961345,,https://www.inaturalist.org/observations/399537
736,ame,m,1,-107.346236096645,39.3893398416836,28120,https://www.inaturalist.org/observations/223411519
741,ame,m,1,-107.316872916208,39.3975802604304,28120,https://www.inaturalist.org/observations/223358578
504,ame,m,1,-120.585989366787,39.4012590187995,3200,https://www.inaturalist.org/observations/52107025
110,ame,m,1,-120.239352228195,39.4320178978661,7,https://www.inaturalist.org/observations/169778714
60,ame,m,1,-120.176001779529,39.454612162904,4,https://www.inaturalist.org/observations/184599235
535,ame,m,1,-116.999815312867,39.4553256190725,,https://www.inaturalist.org/observations/46486387
634,ame,m,1,-120.341840206808,39.4621391254822,10,https://www.inaturalist.org/observations/33496256
527,ame,m,1,-120.236386925995,39.4855538651138,205,https://www.inaturalist.org/observations/48619156
515,ame,m,1,-116.386608654199,39.5284637945511,,https://www.inaturalist.org/observations/50425209
203,ame,m,1,-120.667162842364,39.6193447331214,1670,https://www.inaturalist.org/observations/142106397
642,ame,m,1,-120.64805559435,39.6247625409014,,https://www.inaturalist.org/observations/28186937
706,ame,m,1,-120.576112457954,39.6253734377457,102,https://www.inaturalist.org/observations/3426463
705,ame,m,1,-120.586016121393,39.644253271606,,https://www.inaturalist.org/observations/3702941
710,ame,m,1,-120.641210874233,39.6744280084346,,https://www.inaturalist.org/observations/258419
536,ame,m,1,-117.135403198599,39.7762961720006,,https://www.inaturalist.org/observations/46432852
786,ame,m,0,-120.484067694009,39.8069926236525,,https://www.inaturalist.org/observations/218397928
245,ame,m,1,-113.37056188367,39.8527430004609,,https://www.inaturalist.org/observations/126248101
243,ame,m,1,-113.850637621286,39.8870557830671,,https://www.inaturalist.org/observations/126248110
685,ame,m,1,-120.90300023798,40.1359360492642,2580,https://www.inaturalist.org/observations/10286659
648,ame,m,1,-120.60395062583,40.1893114888739,,https://www.inaturalist.org/observations/26945578
619,ame,m,1,-121.072312304979,40.1981003770503,,https://www.inaturalist.org/observations/37892069
320,ame,m,1,-111.748880471653,40.2985371691781,,https://www.inaturalist.org/observations/117488954
322,ame,m,1,-111.748983030978,40.2985951374918,,https://www.inaturalist.org/observations/117175423
420,ame,m,1,-111.749018703786,40.2986754013107,,https://www.inaturalist.org/observations/83439084
102,ame,m,1,-110.061837556396,40.3608843201074,115,https://www.inaturalist.org/observations/171142145
129,ame,m,1,-110.061837556396,40.3608843201074,115,https://www.inaturalist.org/observations/166212460
752,ame,m,1,-121.162261291429,40.476740683678,,https://www.inaturalist.org/observations/222124260
240,ame,m,1,-121.420652820173,40.498015054804,31670,https://www.inaturalist.org/observations/126861420
754,ame,m,1,-120.768045544597,40.5263883148071,,https://www.inaturalist.org/observations/221641906
371,ame,m,1,-121.090523273681,40.5451299165347,,https://www.inaturalist.org/observations/89015820
370,ame,m,1,-121.092204354779,40.5462937419096,119,https://www.inaturalist.org/observations/89015931
613,ame,m,1,-121.534493670068,40.5562419963599,,https://www.inaturalist.org/observations/37892848
199,ame,m,1,-121.393684177002,40.5589442115983,34950,https://www.inaturalist.org/observations/147651560
824,ame,m,1,-120.956571878036,40.5671980076482,,https://www.inaturalist.org/observations/225606439
426,ame,m,1,-121.297086670881,40.5689548934633,,https://www.inaturalist.org/observations/82605510
367,ame,m,1,-121.10664292399,40.5691733894149,,https://www.inaturalist.org/observations/89961202
643,ame,m,1,-116.943211484095,40.6393462626929,5,https://www.inaturalist.org/observations/27954968
509,ame,m,1,-116.929499748355,40.6450004028287,,https://www.inaturalist.org/observations/50928761
609,ame,m,1,-121.418958361773,40.6847309932149,,https://www.inaturalist.org/observations/37892853
422,ame,m,1,-115.457068907699,40.9473140769492,,https://www.inaturalist.org/observations/82744767
537,ame,m,1,-117.492858116346,40.9587695075555,,https://www.inaturalist.org/observations/46429521
424,ame,m,1,-115.08250441921,41.0271498222101,,https://www.inaturalist.org/observations/82739575
423,ame,m,1,-114.96157359864,41.1173396001171,,https://www.inaturalist.org/observations/82742609
629,ame,m,1,-120.286364530602,41.1501006155567,,https://www.inaturalist.org/observations/35531658
376,ame,m,1,-122.743913353289,41.2078147604915,16,https://www.inaturalist.org/observations/87304485
702,ame,m,1,-122.509016827995,41.2118903788543,,https://www.inaturalist.org/observations/3919253
494,ame,m,1,-122.512387908392,41.2120509064923,,https://www.inaturalist.org/observations/52992810
620,ame,m,1,-122.02517760909,41.2408700766007,,https://www.inaturalist.org/observations/37892068
790,ame,m,1,-120.961579448519,41.4815901878699,,https://www.inaturalist.org/observations/217518945
758,ame,m,1,-120.263685542644,41.5525835357418,,https://www.inaturalist.org/observations/221363384
686,ame,m,1,-111.645656741367,41.924370004275,,https://www.inaturalist.org/observations/9102404
603,ame,m,1,-122.714706241389,42.0776917348967,,https://www.inaturalist.org/observations/37897401
247,ame,m,1,-110.413575906593,42.2897041535838,,https://www.inaturalist.org/observations/126248096
485,ame,m,1,-113.65890519419,42.3096229579895,4,https://www.inaturalist.org/observations/57242411
434,ame,m,1,-114.383214814705,42.587407117215,,https://www.inaturalist.org/observations/82077746
188,ame,m,1,-118.586002280498,42.6406621610963,100,https://www.inaturalist.org/observations/148076634
189,ame,m,1,-118.586002280498,42.6406621610963,100,https://www.inaturalist.org/observations/148076631
187,ame,m,1,-118.585596502302,42.6407335067132,200,https://www.inaturalist.org/observations/148076636
421,ame,m,1,-118.826423631996,42.6522558238353,,https://www.inaturalist.org/observations/82754229
479,ame,m,1,-118.56480371409,42.6664580606905,,https://www.inaturalist.org/observations/61451288
94,ame,m,1,-118.574885741571,42.7093144809152,,https://www.inaturalist.org/observations/173129246
233,ame,m,1,-108.825418016296,42.7397790593123,4,https://www.inaturalist.org/observations/127768804
182,ame,m,1,-118.866782955631,42.8045475021136,100,https://www.inaturalist.org/observations/151649391
89,ame,m,1,-121.156607151293,42.8536288274089,,https://www.inaturalist.org/observations/174150227
117,ame,m,1,-121.158194591268,42.854975475927,86,https://www.inaturalist.org/observations/168434106
612,ame,m,1,-122.167008236297,42.9243501701165,,https://www.inaturalist.org/observations/37892850
704,ame,m,1,-122.030996735965,42.9282875563467,5,https://www.inaturalist.org/observations/3735016
615,ame,m,1,-122.148110566032,42.9678977510045,,https://www.inaturalist.org/observations/37892846
731,ame,m,1,-120.792878278364,43.0367685667749,75,https://www.inaturalist.org/observations/224800835
448,ame,m,1,-115.865156917908,43.0432298042014,9,https://www.inaturalist.org/observations/79225844
622,ame,m,1,-122.143031649933,43.1338565740116,,https://www.inaturalist.org/observations/37715690
160,ame,m,1,-116.375955861783,43.2409864768207,,https://www.inaturalist.org/observations/162896362
50,ame,m,1,-118.844830801145,43.2651726409346,,https://www.inaturalist.org/observations/186473432
623,ame,m,1,-118.835943812745,43.3803556802461,244,https://www.inaturalist.org/observations/37715369
16,ame,m,1,-116.594206562843,43.5212900281413,4,https://www.inaturalist.org/observations/208381511
459,ame,m,1,-116.145794901808,43.5724715900328,31,https://www.inaturalist.org/observations/76338619
325,ame,m,1,-116.144867408789,43.573318819233,122,https://www.inaturalist.org/observations/115258717
436,ame,m,1,-116.166837399679,43.6013264329496,3,https://www.inaturalist.org/observations/81566314
770,ame,m,1,-116.385529551744,43.6187213861591,4,https://www.inaturalist.org/observations/219921754
173,ame,m,1,-116.297854706831,43.6537654613382,4,https://www.inaturalist.org/observations/158968022
711,ame,m,1,-116.375282537523,43.665519651715,27440,https://www.inaturalist.org/observations/209767154
80,ame,m,NA,-116.671870725891,43.6680568802145,2,https://www.inaturalist.org/observations/177689477
169,ame,m,1,-116.671928694205,43.6681282258313,2,https://www.inaturalist.org/observations/161284205
170,ame,m,1,-116.6719063987,43.6681594395387,2,https://www.inaturalist.org/observations/161284192
656,ame,m,1,-114.361115509884,43.6727790682301,,https://www.inaturalist.org/observations/25131526
127,ame,m,NA,-110.731920049,43.6929342049916,4,https://www.inaturalist.org/observations/166499120
647,ame,m,1,-121.450760670486,43.7039883165031,10,https://www.inaturalist.org/observations/26984175
554,ame,m,1,-115.93856263945,43.7128842231047,18,https://www.inaturalist.org/observations/45407904
719,ame,m,1,-110.553270624395,43.856578754552,189,https://www.inaturalist.org/observations/213248145
673,ame,m,1,-121.457975495991,43.8876899026019,5,https://www.inaturalist.org/observations/14460674
79,ame,m,1,-121.68269635268,44.0761538086258,4,https://www.inaturalist.org/observations/178256926
551,ame,m,1,-121.288797202023,44.0814333842731,44,https://www.inaturalist.org/observations/45627404
265,ame,m,1,-110.317740906752,44.3411002159184,977,https://www.inaturalist.org/observations/124330067
502,ame,m,1,-121.868877198965,44.3802511231677,103,https://www.inaturalist.org/observations/52275161
200,ame,m,1,-114.295250128224,44.3915371079339,17,https://www.inaturalist.org/observations/146380729
689,ame,m,1,-122.042483380278,44.4449838931605,361,https://www.inaturalist.org/observations/7635867
85,ame,m,1,-110.333365596843,44.5478152225541,2,https://www.inaturalist.org/observations/176040122
88,ame,m,1,-110.377252069411,44.5624410740094,4,https://www.inaturalist.org/observations/174777301
627,ame,m,1,-110.377974443782,44.5628156384978,,https://www.inaturalist.org/observations/36105041
473,ame,m,1,-118.62440405877,44.5818337044908,64,https://www.inaturalist.org/observations/67552007
734,ame,m,1,-111.740791662342,44.6762373328933,3,https://www.inaturalist.org/observations/224020824
246,ame,m,1,-111.162285728073,44.7299516641831,,https://www.inaturalist.org/observations/126248097
624,ame,m,1,-110.704706155271,45.0038564054921,1000,https://www.inaturalist.org/observations/37715087
625,ame,m,1,-110.704710614372,45.0044271704269,93,https://www.inaturalist.org/observations/37715086
249,ame,m,1,-109.318148682702,45.0079231056528,27220,https://www.inaturalist.org/observations/126158570
251,ame,m,1,-109.293739563536,45.0484162023192,27220,https://www.inaturalist.org/observations/126158554
253,ame,m,1,-109.313520135809,45.0532364905579,27220,https://www.inaturalist.org/observations/126157001
250,ame,m,1,-109.220860015918,45.1137821646616,27220,https://www.inaturalist.org/observations/126158567
82,ame,m,1,-109.27288880701,45.1214518184735,4,https://www.inaturalist.org/observations/177446371
230,ame,m,1,-109.273535376662,45.1215053276862,,https://www.inaturalist.org/observations/129882818
231,ame,m,1,-109.273535376662,45.1215053276862,,https://www.inaturalist.org/observations/129759426
244,ame,m,1,-109.274168569012,45.1221518973389,,https://www.inaturalist.org/observations/126248104
201,ame,m,1,-109.272393846793,45.1222321611579,1820,https://www.inaturalist.org/observations/145003524
252,ame,m,1,-109.310960611804,45.1471585360467,27220,https://www.inaturalist.org/observations/126158549
78,ame,m,1,-117.291230944013,45.2308514037188,365,https://www.inaturalist.org/observations/179077141
239,ame,m,1,-121.678981921503,45.2618912061518,,https://www.inaturalist.org/observations/126877928
87,ame,m,1,-121.718770480202,45.3345923897272,961,https://www.inaturalist.org/observations/175290881
93,ame,m,1,-117.230110045873,45.353762065156,4,https://www.inaturalist.org/observations/173852232
195,ame,m,1,-121.475722718183,45.3650034589117,250,https://www.inaturalist.org/observations/147972874
228,ame,m,1,-121.097836199409,45.6470371414411,50,https://www.inaturalist.org/observations/131996929
145,ame,m,1,-121.100007781622,45.6485041856877,100,https://www.inaturalist.org/observations/165217794
415,ame,m,1,-123.929476845874,45.7027892819123,30,https://www.inaturalist.org/observations/83904407
414,ame,m,1,-123.929195922507,45.7033199149377,45,https://www.inaturalist.org/observations/83904408
780,ame,m,1,-112.077939833892,45.9408696053579,24670,https://www.inaturalist.org/observations/219210601
712,ame,m,1,-119.22695346592,46.2012588113739,16,https://www.inaturalist.org/observations/212135133
159,ame,m,1,-119.193037543308,46.3669991384294,27030,https://www.inaturalist.org/observations/163007586
207,ame,m,1,-114.056442971306,46.8386427159535,5,https://www.inaturalist.org/observations/138269580
241,ame,m,1,-113.526554615822,46.8524659292191,39,https://www.inaturalist.org/observations/126687273
364,ame,m,1,-121.642742807241,46.9187192526712,,https://www.inaturalist.org/observations/93013850
204,ame,m,1,-121.656048764785,46.9204672202842,199,https://www.inaturalist.org/observations/142038786
522,ame,m,1,-117.534363428952,47.5758034657049,,https://www.inaturalist.org/observations/49478520
730,ame,m,1,-117.208077627568,47.6202294895004,13,https://www.inaturalist.org/observations/225525294
112,ame,m,1,-84.8252251709409,47.9944863000172,26780,https://www.inaturalist.org/observations/169291191
366,ame,m,1,-123.044265022946,48.0916010618602,5,https://www.inaturalist.org/observations/91597934
360,ame,m,1,-122.781129010681,48.1052771247911,61,https://www.inaturalist.org/observations/95108484
464,ame,m,1,-122.76169624829,48.1356881939756,2,https://www.inaturalist.org/observations/74295954
64,ame,m,1,-122.756184799388,48.1379667946139,772,https://www.inaturalist.org/observations/183626206
171,ame,m,1,-122.663903703087,48.3963538642569,8,https://www.inaturalist.org/observations/161012183
452,ame,m,1,-115.807933274089,48.4069932793704,233,https://www.inaturalist.org/observations/78743741
390,ame,m,1,-123.299896368137,48.4282230594858,7,https://www.inaturalist.org/observations/85973089
639,ame,m,1,-122.99992372207,48.4593029938284,,https://www.inaturalist.org/observations/29474832
221,ame,m,1,-113.484830807265,48.5749319432453,,https://www.inaturalist.org/observations/133703563
677,ame,m,1,-123.36818304167,48.5774468762394,131,https://www.inaturalist.org/observations/12625371
679,ame,m,1,-123.36818304167,48.5774468762394,131,https://www.inaturalist.org/observations/12625367
680,ame,m,1,-123.36818304167,48.5774468762394,131,https://www.inaturalist.org/observations/12625366
463,ame,m,1,-123.369141748396,48.5783654510564,14,https://www.inaturalist.org/observations/74550178
462,ame,m,1,-123.369743727039,48.5784011238648,,https://www.inaturalist.org/observations/74994761
690,ame,m,1,-123.369462803672,48.5784724694817,279,https://www.inaturalist.org/observations/7596309
215,ame,m,1,-123.369476180975,48.5786329971196,61,https://www.inaturalist.org/observations/134818347
392,ame,m,1,-123.369645626816,48.578994184305,21,https://www.inaturalist.org/observations/85838855
209,ame,m,1,-123.369485099178,48.5790075616081,,https://www.inaturalist.org/observations/136351094
397,ame,m,1,-123.369404835359,48.5791547119429,,https://www.inaturalist.org/observations/85378415
395,ame,m,1,-123.36949401738,48.5792215984587,,https://www.inaturalist.org/observations/85378432
398,ame,m,1,-123.36945388547,48.5793196986818,,https://www.inaturalist.org/observations/85378413
391,ame,m,1,-123.369966682091,48.5795694083408,,https://www.inaturalist.org/observations/85949323
386,ame,m,1,-123.370693515563,48.5808491703432,,https://www.inaturalist.org/observations/86119844
457,ame,m,1,-123.371134966567,48.581000779779,15,https://www.inaturalist.org/observations/77223489
565,ame,m,1,-123.371304412407,48.5811256346085,116,https://www.inaturalist.org/observations/40800732
691,ame,m,1,-123.371331167014,48.5816027584212,26,https://www.inaturalist.org/observations/7443901
185,ame,m,1,-123.372138264304,48.5819059772928,20,https://www.inaturalist.org/observations/149419886
369,ame,m,1,-123.371291035104,48.5821779824571,215,https://www.inaturalist.org/observations/89053837
387,ame,m,1,-123.371366839822,48.5822136552655,,https://www.inaturalist.org/observations/86119838
472,ame,m,1,-123.371928686555,48.5822404098719,61,https://www.inaturalist.org/observations/69286657
675,ame,m,1,-123.372022327677,48.5828691431204,71,https://www.inaturalist.org/observations/13686937
694,ame,m,1,-123.371014570839,48.5879079273108,122,https://www.inaturalist.org/observations/7053398
695,ame,m,1,-123.370862961403,48.5879346819171,161,https://www.inaturalist.org/observations/7053142
696,ame,m,1,-123.370862961403,48.5879346819171,161,https://www.inaturalist.org/observations/7053140
139,ame,m,1,-123.343671363179,48.6521992462994,,https://www.inaturalist.org/observations/165660194
217,ame,m,1,-123.345330148771,48.6530241799943,122,https://www.inaturalist.org/observations/134237850
285,ame,m,1,-123.345392576186,48.653336317068,122,https://www.inaturalist.org/observations/122985293
401,ame,m,1,-120.799558011742,49.0005308432914,26580,https://www.inaturalist.org/observations/84582066
507,ame,m,1,-119.61730763124,49.0034247998751,61,https://www.inaturalist.org/observations/51270321
384,ame,m,1,-107.238004795876,49.0281861880249,,https://www.inaturalist.org/observations/86436966
402,ame,m,1,-120.793279597459,49.0389772125742,26580,https://www.inaturalist.org/observations/84582030
403,ame,m,1,-120.630072039802,49.0844645024204,26580,https://www.inaturalist.org/observations/84582024
383,ame,m,1,-107.46956145448,49.1127084484929,,https://www.inaturalist.org/observations/86621458
55,ame,m,1,-120.627396579169,49.131650709768,20,https://www.inaturalist.org/observations/185053011
555,ame,m,1,-123.213933818029,49.2206365303905,108,https://www.inaturalist.org/observations/44481743
796,ame,m,1,-123.290237955256,49.2257689557031,26550,https://www.inaturalist.org/observations/215808039
797,ame,m,1,-123.216314977992,49.2258804332294,26550,https://www.inaturalist.org/observations/215808034
264,ame,m,1,-107.732033060688,49.2448494491108,201,https://www.inaturalist.org/observations/124673280
105,ame,m,1,-107.732006306082,49.244867285515,75,https://www.inaturalist.org/observations/170960773
104,ame,m,1,-107.73199738788,49.2449163356265,75,https://www.inaturalist.org/observations/170960778
103,ame,m,1,-107.732024142486,49.2449207947276,75,https://www.inaturalist.org/observations/170960793
812,ame,m,1,-123.329643031265,49.248711030623,26550,https://www.inaturalist.org/observations/215053933
774,ame,m,1,-123.328969707006,49.2535001051544,26550,https://www.inaturalist.org/observations/219804115
74,ame,m,1,-123.350092468696,49.2897927286284,26550,https://www.inaturalist.org/observations/181952601
813,ame,m,1,-123.393671263291,49.2960399292043,26550,https://www.inaturalist.org/observations/214737631
810,ame,m,1,-123.352883865956,49.3189507904169,26550,https://www.inaturalist.org/observations/215053942
692,ame,m,1,-124.264105625328,49.3219874382343,4,https://www.inaturalist.org/observations/7442202
814,ame,m,1,-123.238579269552,49.3379911519151,26550,https://www.inaturalist.org/observations/214737628
815,ame,m,1,-123.201140657107,49.3490720180329,26550,https://www.inaturalist.org/observations/214737608
776,ame,m,1,-123.325103666393,49.3570582680197,26550,https://www.inaturalist.org/observations/219804106
297,ame,m,1,-124.499581833759,49.3662083433813,4,https://www.inaturalist.org/observations/120590827
458,ame,m,1,-124.499644261173,49.3667434355077,5,https://www.inaturalist.org/observations/76861240
771,ame,m,1,-123.378563828922,49.3720720612666,26550,https://www.inaturalist.org/observations/219841965
775,ame,m,1,-123.348741361077,49.3759291836779,26550,https://www.inaturalist.org/observations/219804111
762,ame,m,1,-123.322793852047,49.3788409766658,26550,https://www.inaturalist.org/observations/221225709
794,ame,m,1,-123.307151325551,49.3799289973228,26550,https://www.inaturalist.org/observations/215808042
456,ame,m,1,-124.725832162109,49.4269457588303,,https://www.inaturalist.org/observations/77226619
746,ame,m,1,-112.822823746668,49.6629793548924,,https://www.inaturalist.org/observations/223031907
735,ame,m,1,-112.822921846892,49.663028405004,,https://www.inaturalist.org/observations/223682082
152,ame,m,1,-108.044616044535,49.6805303766387,23,https://www.inaturalist.org/observations/163893158
42,ame,m,1,-112.867013438108,49.6897830113246,,https://www.inaturalist.org/observations/189795632
36,ame,m,1,-112.867392461698,49.6910895279333,,https://www.inaturalist.org/observations/200470808
116,ame,m,1,-112.856409695803,49.6968908184038,61,https://www.inaturalist.org/observations/168604637
727,ame,m,1,-124.885909430827,49.7206310724124,164,https://www.inaturalist.org/observations/214524021
819,ame,m,1,-124.885909430827,49.7206310724124,164,https://www.inaturalist.org/observations/214524021
437,ame,m,1,-92.6526196826335,49.7899790119956,4,https://www.inaturalist.org/observations/81395634
214,ame,m,1,-111.35719749422,49.8428416549842,26450,https://www.inaturalist.org/observations/134867197
782,ame,m,1,-125.116079309004,49.8688025413173,10,https://www.inaturalist.org/observations/219039378
293,ame,m,1,-112.199994347927,51.3685587532291,,https://www.inaturalist.org/observations/121542585
53,ame,m,1,-122.871782535097,51.8912278241077,20,https://www.inaturalist.org/observations/186102557
47,ame,m,1,-122.871434725215,51.8912902515225,10,https://www.inaturalist.org/observations/187187828
48,ame,m,1,-122.871185015556,51.8913526789372,20,https://www.inaturalist.org/observations/187179334
513,ame,m,1,-122.274784708759,51.9392523424533,,https://www.inaturalist.org/observations/50499743
768,ame,m,1,-106.461661925168,54.1341288993847,24,https://www.inaturalist.org/observations/220398650
254,ame,m,1,-111.986733380945,54.8274522266797,,https://www.inaturalist.org/observations/125493610
341,ame,m,1,-129.054014008626,59.3913599912858,,https://www.inaturalist.org/observations/98638452
158,ame,m,1,-135.023408129773,60.6733381668483,6,https://www.inaturalist.org/observations/163226796
148,ame,m,1,-135.009950562794,60.6958878408756,8,https://www.inaturalist.org/observations/164579422
132,ame,m,1,-135.042207699814,60.7526700336902,6,https://www.inaturalist.org/observations/166033115
566,ame,m,1,-135.2169643292,60.8103975559281,10,https://www.inaturalist.org/observations/38745506
126,ame,m,1,-136.838119567292,62.604347418942,,https://www.inaturalist.org/observations/166910490
593,bul,m,0,-119.683748236936,38.6602768194452,,https://www.inaturalist.org/observations/37898897
606,bul,m,0,-122.858146604076,40.9354707045512,,https://www.inaturalist.org/observations/37893728
497,bul,m,0,-122.85935056136,40.9358764827471,,https://www.inaturalist.org/observations/52516828
601,bul,m,0,-122.714706241389,42.0776917348967,,https://www.inaturalist.org/observations/37897606
592,kaw,m,0,-116.014897990384,31.891410470426,,https://www.inaturalist.org/observations/37900180
700,kaw,m,0,-116.47135386972,32.6093569537381,,https://www.inaturalist.org/observations/6219662
699,kaw,m,0,-116.471398460731,32.6094015447487,,https://www.inaturalist.org/observations/6276139
632,kaw,m,0,-116.179380850942,32.6378862822781,,https://www.inaturalist.org/observations/34432210
183,kaw,m,0,-116.484945209731,32.7324727338238,,https://www.inaturalist.org/observations/151177335
13,kaw,m,0,-116.451042664422,32.7523068153095,38,https://www.inaturalist.org/observations/208724587
25,kaw,m,0,-116.452206489796,32.7530470260844,8,https://www.inaturalist.org/observations/207313021
23,kaw,m,NA,-116.451666938569,32.753515231695,,https://www.inaturalist.org/observations/207414733
324,kaw,m,0,-116.570724936696,32.9474058637009,86,https://www.inaturalist.org/observations/115624206
562,kaw,m,0,-117.329374094424,34.3071864344439,,https://www.inaturalist.org/observations/42529219
674,kub,m,0,-119.577064244232,38.2262903503175,5,https://www.inaturalist.org/observations/13959668
597,kub,m,0,-119.601736450361,38.3133810529924,,https://www.inaturalist.org/observations/37898890
580,kub,m,0,-119.628700634431,38.6716296907273,,https://www.inaturalist.org/observations/37950204
533,kub,m,0,-114.211753460998,38.9894744138169,5000,https://www.inaturalist.org/observations/46550203
749,kub,m,0,-115.457033234891,39.3111004545998,,https://www.inaturalist.org/observations/222667127
425,kub,m,0,-121.528228633088,40.3907335425591,,https://www.inaturalist.org/observations/82611219
595,kub,m,0,-121.47046097894,40.4599610864139,,https://www.inaturalist.org/observations/37898893
510,kub,m,0,-121.346511346958,40.5114726217833,5,https://www.inaturalist.org/observations/50702939
427,kub,m,0,-121.563214739953,40.5350924800634,,https://www.inaturalist.org/observations/82602790
65,kub,m,0,-121.439657508863,40.5984250923255,27940,https://www.inaturalist.org/observations/183453377
599,kub,m,0,-122.812507704794,41.2199390562558,,https://www.inaturalist.org/observations/37898888
496,kub,m,0,-122.231941665837,41.3546351217773,,https://www.inaturalist.org/observations/52621474
635,kub,m,0,-122.199934238476,41.3559371792849,,https://www.inaturalist.org/observations/32717589
756,kub,m,0,-122.167730610668,41.6438613343059,,https://www.inaturalist.org/observations/221630083
419,kub,m,0,-113.649955778375,41.8259085939138,1000,https://www.inaturalist.org/observations/83518064
598,kub,m,0,-122.747369156605,42.0750028969614,,https://www.inaturalist.org/observations/37898889
594,kub,m,0,-122.462272071652,42.1690096653702,,https://www.inaturalist.org/observations/37898894
86,kub,m,0,-121.477265567148,45.3625420351302,500,https://www.inaturalist.org/observations/175762567
412,kub,m,0,-121.475067230328,45.3629611906292,40,https://www.inaturalist.org/observations/83963575
90,kub,m,0,-121.477024775691,45.3641829843179,500,https://www.inaturalist.org/observations/174048971
92,kub,m,0,-121.476543192777,45.364356889259,500,https://www.inaturalist.org/observations/174048967
91,kub,m,0,-121.476873166255,45.3646199762211,500,https://www.inaturalist.org/observations/174048970
413,kub,m,0,-121.475245594371,45.3646378126253,30,https://www.inaturalist.org/observations/83963558
411,kub,m,0,-121.474055014389,45.3646690263327,30,https://www.inaturalist.org/observations/83963598
409,kub,m,0,-121.473600186082,45.3647180764443,30,https://www.inaturalist.org/observations/83963605
410,kub,m,0,-121.473970291469,45.3648429312738,30,https://www.inaturalist.org/observations/83963604
336,kub,m,0,-121.474492006293,45.3649767043054,150,https://www.inaturalist.org/observations/102493180
190,kub,m,0,-121.475722718183,45.3650034589117,250,https://www.inaturalist.org/observations/147972905
191,kub,m,0,-121.475722718183,45.3650034589117,250,https://www.inaturalist.org/observations/147972903
192,kub,m,0,-121.475722718183,45.3650034589117,250,https://www.inaturalist.org/observations/147972896
193,kub,m,0,-121.475722718183,45.3650034589117,250,https://www.inaturalist.org/observations/147972885
194,kub,m,0,-121.475722718183,45.3650034589117,250,https://www.inaturalist.org/observations/147972880
196,kub,m,1,-121.475722718183,45.3650034589117,250,https://www.inaturalist.org/observations/147972852
197,kub,m,0,-121.475722718183,45.3650034589117,250,https://www.inaturalist.org/observations/147972848
198,kub,m,0,-121.475722718183,45.3650034589117,250,https://www.inaturalist.org/observations/147972847
186,kub,m,0,-121.476480765362,45.3655742238465,300,https://www.inaturalist.org/observations/148303963
596,kub,m,0,-121.570795211744,45.3940678795781,,https://www.inaturalist.org/observations/37898892
213,kub,m,0,-121.150493723749,46.6742222828097,68,https://www.inaturalist.org/observations/135705364
806,mus,m,0,-116.696489422807,33.1026673032808,6,https://www.inaturalist.org/observations/215259206
760,mus,m,0,-120.490114235037,35.0382025429438,,https://www.inaturalist.org/observations/221337745
469,mus,m,1,-120.375131855273,35.1332661183022,,https://www.inaturalist.org/observations/71220680
665,mus,m,0,-120.84158058007,35.3302469073382,,https://www.inaturalist.org/observations/21455046
319,mus,m,1,-121.850095465327,36.6083010739736,5,https://www.inaturalist.org/observations/117513221
256,mus,m,1,-121.850015201509,36.608332287681,20,https://www.inaturalist.org/observations/125335487
261,mus,m,1,-121.849997365104,36.608332287681,22,https://www.inaturalist.org/observations/124932667
263,mus,m,1,-121.849975069599,36.6083456649842,4,https://www.inaturalist.org/observations/124931045
301,mus,m,1,-121.850117760833,36.6083590422873,3,https://www.inaturalist.org/observations/119764564
257,mus,m,1,-121.850126679035,36.6083635013884,4,https://www.inaturalist.org/observations/125200404
260,mus,m,1,-121.85010438353,36.6083679604895,22,https://www.inaturalist.org/observations/125187204
270,mus,m,1,-121.850006283306,36.6083679604895,4,https://www.inaturalist.org/observations/123891056
298,mus,m,1,-121.850113301732,36.6083724195905,5,https://www.inaturalist.org/observations/120589675
259,mus,m,1,-121.850028578812,36.6083768786916,22,https://www.inaturalist.org/observations/125195028
262,mus,m,1,-121.849983987801,36.6083813377926,22,https://www.inaturalist.org/observations/124931683
314,mus,m,1,-121.850073169822,36.6084036332979,22,https://www.inaturalist.org/observations/118241475
32,mus,m,0,-121.790477284243,36.6521518737332,4,https://www.inaturalist.org/observations/206475001
222,mus,m,0,-121.801103322053,36.6912046807593,4,https://www.inaturalist.org/observations/133525984
490,mus,m,0,-122.061082290772,36.981857805625,,https://www.inaturalist.org/observations/55097855
157,mus,m,0,-122.035852697012,36.9929297535407,21,https://www.inaturalist.org/observations/163242378
156,mus,m,0,-122.037903883497,36.9931972996039,282,https://www.inaturalist.org/observations/163245508
707,mus,m,0,-122.068725189978,36.9941560063304,1030,https://www.inaturalist.org/observations/3109188
226,mus,m,1,-122.411621142786,37.478360871522,9,https://www.inaturalist.org/observations/132440629
733,mus,m,0,-121.973068554179,37.4878097066543,,https://www.inaturalist.org/observations/224548162
683,mus,m,0,-122.495764379664,37.4984357444646,265,https://www.inaturalist.org/observations/10626984
637,mus,m,0,-122.223710165293,37.8083209721738,,https://www.inaturalist.org/observations/30953689
84,mus,m,1,-122.651681307099,38.1140859905097,,https://www.inaturalist.org/observations/176519141
800,mus,m,0,-123.058065940706,38.3179204178648,4,https://www.inaturalist.org/observations/215747130
348,mus,m,0,-122.691933612309,38.3251486206724,28270,https://www.inaturalist.org/observations/97185384
798,mus,m,0,-123.081413793822,38.3318283540505,28270,https://www.inaturalist.org/observations/215792933
556,mus,m,0,-122.7960268673,38.5158197817178,5,https://www.inaturalist.org/observations/44409885
465,mus,m,0,-122.711183551556,38.5837853999744,4,https://www.inaturalist.org/observations/73568464
430,mus,m,1,-123.519453585807,38.7647446389253,4,https://www.inaturalist.org/observations/82515924
591,mus,m,0,-123.792671625554,39.3031320410173,,https://www.inaturalist.org/observations/37900581
590,mus,m,0,-120.621648797912,39.7789002870158,,https://www.inaturalist.org/observations/37900582
787,mus,m,0,-120.475599861108,39.8069212780357,,https://www.inaturalist.org/observations/218210889
589,mus,m,0,-120.484776691076,39.8072467924126,160,https://www.inaturalist.org/observations/37900929
123,mus,m,0,-120.361544974363,40.2724425098133,27970,https://www.inaturalist.org/observations/167315486
779,mus,m,0,-120.618536345376,40.3665875103547,162,https://www.inaturalist.org/observations/219593657
755,mus,m,0,-120.76712696978,40.5257417451543,,https://www.inaturalist.org/observations/221638816
826,mus,m,0,-121.138128636528,41.5293293237481,,https://www.inaturalist.org/observations/226225745
759,mus,m,0,-122.167730610668,41.6438613343059,,https://www.inaturalist.org/observations/221348017
723,oph,m,0,-124.115042336213,40.5539901503279,4,https://www.inaturalist.org/observations/213776241
722,oph,m,0,-124.11502895891,40.5540525777426,23,https://www.inaturalist.org/observations/213775942
588,oph,m,0,-124.099123345452,41.2572349774668,,https://www.inaturalist.org/observations/37901303
495,oph,m,0,-124.098887013096,41.2579216790291,,https://www.inaturalist.org/observations/52831013
120,oph,m,0,-124.497535106375,42.4224961829554,27630,https://www.inaturalist.org/observations/168201118
400,oph,m,0,-124.414377330829,43.1495347733156,8,https://www.inaturalist.org/observations/84844305
461,oph,m,0,-123.384409710403,43.2336289600825,8,https://www.inaturalist.org/observations/75625192
312,oph,m,0,-123.384494433323,43.2336824692951,9,https://www.inaturalist.org/observations/118292831
338,oph,m,0,-123.384507810627,43.2337136830025,4,https://www.inaturalist.org/observations/100266135
232,oph,m,0,-124.074415466515,44.020936760281,27380,https://www.inaturalist.org/observations/129408640
792,oph,m,0,-123.073953717759,44.0571535790371,1,https://www.inaturalist.org/observations/216988264
176,oph,m,NA,-123.542921834651,44.4953628168624,20,https://www.inaturalist.org/observations/158348003
417,oph,m,0,-123.304792461094,44.5490191798385,4,https://www.inaturalist.org/observations/83739604
150,oph,m,0,-123.330347569231,44.6678453047107,27290,https://www.inaturalist.org/observations/164310885
146,oph,m,0,-124.072502512163,44.6735217403517,12,https://www.inaturalist.org/observations/165048270
58,oph,m,NA,-123.032461782457,45.0007573302599,4,https://inaturalist.org/observations/184690003
59,oph,m,0,-123.032484077962,45.0007840848662,5,https://www.inaturalist.org/observations/184689481
57,oph,m,0,-123.032435027851,45.0008197576747,23,https://www.inaturalist.org/observations/184703186
162,oph,m,0,-123.032439486952,45.0008420531799,4,https://www.inaturalist.org/observations/162544155
788,oph,m,0,-123.032256663809,45.0008688077863,6,https://www.inaturalist.org/observations/218012964
167,oph,m,0,-123.019699835242,45.0295987958736,23,https://www.inaturalist.org/observations/161440501
558,oph,m,0,-122.746133985613,45.4528611269677,257,https://www.inaturalist.org/observations/42728654
2,oph,m,0,-122.872438022952,45.4787952586946,,https://www.inaturalist.org/observations/209024885
491,oph,m,0,-122.571060760053,45.5384401943855,1,https://www.inaturalist.org/observations/54460583
805,oph,m,0,-122.548925782424,45.542069902643,1090,https://www.inaturalist.org/observations/215357626
751,oph,m,0,-122.612410004121,45.5738722113562,47,https://www.inaturalist.org/observations/222353774
431,oph,m,0,-122.683492534014,45.575196564369,4,https://www.inaturalist.org/observations/82498117
540,oph,m,0,-122.75247036821,45.5977150246889,7,https://www.inaturalist.org/observations/46292384
310,oph,m,0,-122.737875730462,45.8132456741073,,https://www.inaturalist.org/observations/118722410
447,oph,m,0,-122.818398177285,45.8642399537545,6140,https://www.inaturalist.org/observations/79702312
732,oph,m,0,-123.683677818504,45.9650200966634,848,https://www.inaturalist.org/observations/224567288
676,oph,m,0,-123.922021228912,46.0987485372562,,https://www.inaturalist.org/observations/13134175
778,oph,m,0,-123.684837184778,46.3108724334697,27030,https://www.inaturalist.org/observations/219610926
134,oph,m,0,-122.81583419418,47.0347851939914,,https://www.inaturalist.org/observations/165994671
271,oph,m,0,-122.496589313359,47.2056044371468,5030,https://www.inaturalist.org/observations/123784637
237,oph,m,0,-122.524788668421,47.483954902206,26840,https://www.inaturalist.org/observations/127041084
724,oph,m,0,-122.304397598855,47.4999809113921,,https://www.inaturalist.org/observations/213915582
823,oph,m,0,-122.304397598855,47.4999809113921,,https://www.inaturalist.org/observations/213915582
725,oph,m,0,-122.304442189865,47.4999898295942,,https://www.inaturalist.org/observations/213915583
822,oph,m,0,-122.304442189865,47.4999898295942,,https://www.inaturalist.org/observations/213915583
820,oph,m,0,-122.304357466945,47.4999987477963,,https://www.inaturalist.org/observations/214522975
242,oph,m,0,-122.412321221651,47.529669606206,26840,https://www.inaturalist.org/observations/126273077
168,oph,m,0,-122.672371535987,47.5778992432,4,https://www.inaturalist.org/observations/161285537
315,oph,m,0,-122.204041070546,47.6183745034622,26810,https://www.inaturalist.org/observations/118127088
531,oph,m,0,-122.083351041433,47.6872988284453,244,https://www.inaturalist.org/observations/47607980
304,oph,m,0,-122.222363516774,47.7246660952731,174,https://www.inaturalist.org/observations/119654228
309,oph,m,0,-122.222417025987,47.7246750134753,174,https://www.inaturalist.org/observations/118750197
307,oph,m,0,-122.222042461499,47.7247106862837,174,https://www.inaturalist.org/observations/118992114
802,oph,m,0,-122.222425944189,47.7247329817889,202,https://www.inaturalist.org/observations/215603806
308,oph,m,0,-122.222252039248,47.7247641954963,174,https://www.inaturalist.org/observations/118752068
164,oph,m,0,-122.2224705352,47.7247775727995,202,https://www.inaturalist.org/observations/162267658
313,oph,m,0,-122.221944361275,47.7247775727995,174,https://www.inaturalist.org/observations/118266347
808,oph,m,0,-122.222220825541,47.7247820319005,202,https://www.inaturalist.org/observations/215153328
166,oph,m,0,-122.222403648684,47.7248087865068,202,https://www.inaturalist.org/observations/162019120
154,oph,m,0,-122.222194070934,47.7248310820121,202,https://www.inaturalist.org/observations/163603170
163,oph,m,0,-122.222488371604,47.7248400002142,202,https://www.inaturalist.org/observations/162387960
165,oph,m,0,-122.222185152732,47.72490688673,202,https://inaturalist.org/observations/162267261
155,oph,m,0,-122.221881933861,47.7249291822353,202,https://www.inaturalist.org/observations/163355058
748,oph,m,0,-122.222327843966,47.7250005278522,202,https://www.inaturalist.org/observations/222777345
799,oph,m,0,-122.222425944189,47.7250406597616,202,https://www.inaturalist.org/observations/215751808
804,oph,m,0,-122.222104888913,47.7250584961658,202,https://www.inaturalist.org/observations/215366895
138,oph,m,0,-122.220878636124,47.7259369390734,202,https://www.inaturalist.org/observations/165669831
124,oph,m,NA,-122.802002062712,47.7449995960769,100,https://www.inaturalist.org/observations/167107104
405,oph,m,0,-123.489038057522,48.3957563447157,31,https://www.inaturalist.org/observations/84511824
131,oph,m,0,-123.365043834528,48.4069888202693,15,https://www.inaturalist.org/observations/166110522
747,oph,m,0,-123.479821095644,48.4094992941624,8,https://www.inaturalist.org/observations/222932201
234,oph,m,0,-123.386969234408,48.4291371752018,26680,https://www.inaturalist.org/observations/127262280
655,oph,m,0,-123.452781106856,48.4335873580531,45,https://www.inaturalist.org/observations/25563101
153,oph,m,0,-123.452700843037,48.4336809991753,28,https://www.inaturalist.org/observations/163850069
744,oph,m,0,-123.379798999914,48.4344479645564,8,https://www.inaturalist.org/observations/223211713
803,oph,m,0,-123.29605708213,48.4371590979969,15,https://www.inaturalist.org/observations/215432971
809,oph,m,0,-123.295753863259,48.4371903117043,,https://www.inaturalist.org/observations/215128189
101,oph,m,0,-123.296083836737,48.4372705755233,,https://www.inaturalist.org/observations/171329174
726,oph,m,0,-123.295343625962,48.4389605748225,174,https://www.inaturalist.org/observations/214250670
821,oph,m,0,-123.295343625962,48.4389605748225,174,https://www.inaturalist.org/observations/214250670
180,oph,m,NA,-123.354948429743,48.43966957189,4,https://www.inaturalist.org/observations/152673451
807,oph,m,0,-123.301332198677,48.4412614709661,7,https://www.inaturalist.org/observations/215171380
311,oph,m,0,-123.313090848155,48.4458275904448,150,https://www.inaturalist.org/observations/118294167
532,oph,m,0,-123.547898191427,48.4654297986758,12,https://www.inaturalist.org/observations/47063934
543,oph,m,0,-123.548723125122,48.4820354909988,343,https://www.inaturalist.org/observations/46200594
544,oph,m,0,-123.548723125122,48.4820354909988,343,https://www.inaturalist.org/observations/46200574
545,oph,m,0,-123.548723125122,48.4820354909988,343,https://www.inaturalist.org/observations/46200569
641,oph,m,0,-123.546511410999,48.4835025352454,,https://www.inaturalist.org/observations/28482707
266,oph,m,0,-123.549628322636,48.4847644608435,15,https://www.inaturalist.org/observations/123926857
161,oph,m,0,-123.215623817328,48.5597397859562,26680,https://www.inaturalist.org/observations/162692566
678,oph,m,0,-123.36818304167,48.5774468762394,131,https://www.inaturalist.org/observations/12625370
396,oph,m,0,-123.369404835359,48.5791547119429,,https://www.inaturalist.org/observations/85378420
453,oph,m,0,-123.636866175645,48.7888216434759,,https://www.inaturalist.org/observations/78741964
451,oph,m,0,-123.63718277182,48.7888483980822,,https://www.inaturalist.org/observations/78936725
450,oph,m,0,-123.637169394517,48.788995548417,,https://www.inaturalist.org/observations/78936728
377,oph,m,0,-123.637325463054,48.789000007518,,https://www.inaturalist.org/observations/87234812
657,oph,m,0,-123.262622742432,48.8220820782335,,https://www.inaturalist.org/observations/24706344
564,oph,m,0,-122.386873131939,49.0759922104189,26580,https://www.inaturalist.org/observations/41208751
530,oph,m,0,-123.839336118078,49.1042272382893,8,https://www.inaturalist.org/observations/47933593
753,oph,m,0,-122.11081018572,49.1163693704578,26580,https://www.inaturalist.org/observations/222069289
460,oph,m,0,-123.908866880805,49.1310754857321,15,https://www.inaturalist.org/observations/75728604
526,oph,m,0,-122.38717189171,49.1358467238593,26580,https://www.inaturalist.org/observations/48723998
546,oph,m,0,-123.879998660584,49.1650003265467,,https://www.inaturalist.org/observations/46137287
553,oph,m,0,-123.94000032436,49.1650003265467,,https://www.inaturalist.org/observations/45447194
416,oph,m,0,-123.987106267888,49.2105099118982,22,https://www.inaturalist.org/observations/83850893
811,oph,m,0,-123.342498619602,49.2295101414869,26550,https://www.inaturalist.org/observations/215053939
772,oph,m,0,-123.374992088979,49.2619902335602,26550,https://www.inaturalist.org/observations/219836524
795,oph,m,0,-123.347185134809,49.3353692004957,26550,https://www.inaturalist.org/observations/215808040
773,oph,m,0,-123.369560903895,49.3518589561913,26550,https://www.inaturalist.org/observations/219804116
693,oph,m,0,-124.928266431734,49.6735117515806,7570,https://www.inaturalist.org/observations/7341069
630,san,m,0,-106.949799717489,36.2768917654794,,https://www.inaturalist.org/observations/35461824
435,san,m,0,-106.148543849195,37.4859636388181,179,https://www.inaturalist.org/observations/81938644
604,san,m,0,-112.848588432555,37.5678461114626,,https://www.inaturalist.org/observations/37897346
511,san,m,0,-112.848561677949,37.5682741851637,,https://www.inaturalist.org/observations/50561772
445,san,m,0,-112.885326966135,37.5799079798121,,https://www.inaturalist.org/observations/80373630
607,san,m,0,-105.454774611794,37.7328016367327,,https://www.inaturalist.org/observations/37893470
605,san,m,0,-112.448682872779,38.2832954981848,,https://www.inaturalist.org/observations/37897345
500,san,m,0,-111.783697132679,38.5148254021829,,https://www.inaturalist.org/observations/52511696
406,san,m,1,-104.962900092791,38.9859294284794,8,https://www.inaturalist.org/observations/84172710
337,san,m,1,-104.997150447983,39.0250669584255,28150,https://www.inaturalist.org/observations/101332888
77,san,m,NA,-104.734076863132,39.0730067538511,28150,https://www.inaturalist.org/observations/179349672
76,san,m,0,-104.65673375536,39.0871198086853,28150,https://www.inaturalist.org/observations/179349712
357,san,m,1,-104.99523303453,39.1181952839267,28150,https://www.inaturalist.org/observations/95535391
358,san,m,1,-104.895728194522,39.1209376310746,28150,https://www.inaturalist.org/observations/95535385
525,san,m,1,-104.829706744325,39.1316038007944,2670,https://www.inaturalist.org/observations/48857683
528,san,m,1,-104.829706744325,39.1316038007944,2540,https://www.inaturalist.org/observations/48471393
356,san,m,1,-104.868465250681,39.1792136227421,28150,https://www.inaturalist.org/observations/95535496
184,san,m,1,-104.887157802297,39.1810552314772,28150,https://www.inaturalist.org/observations/150633248
645,san,m,1,-105.510829971137,39.9613756203249,2750,https://www.inaturalist.org/observations/27641924
825,san,m,0,-111.63165962316,40.5946705292385,934,https://www.inaturalist.org/observations/225628080
339,san,m,0,-111.603121376418,40.634097900753,4,https://www.inaturalist.org/observations/99504872
600,san,m,0,-106.893579371407,41.1602227749481,,https://www.inaturalist.org/observations/37898065
579,san,m,0,-106.947761908307,42.1009281104862,,https://www.inaturalist.org/observations/37950205
801,san,m,0,-120.751899139683,47.0648306168895,7,https://www.inaturalist.org/observations/215632620
743,san,m,0,-120.72898827847,47.3680985386354,4,https://www.inaturalist.org/observations/223236674
202,san,m,1,-120.639253328871,47.6881772713528,1,https://www.inaturalist.org/observations/142184989
216,san,m,1,-120.909514984619,47.7747195045981,10,https://www.inaturalist.org/observations/134743017
488,san,m,1,-121.127899458711,48.0177003801014,,https://www.inaturalist.org/observations/55235992
122,san,m,1,-120.454677758965,48.6180068594215,7,https://www.inaturalist.org/observations/167751992
284,san,m,1,-119.548601802208,49.0074023180148,,https://www.inaturalist.org/observations/122994863
302,san,m,1,-119.611479586163,49.0091859584361,,https://www.inaturalist.org/observations/119685541
63,san,m,1,-119.506614906689,49.0093643224783,10,https://www.inaturalist.org/observations/184033656
68,san,m,1,-119.507872373186,49.0094802591057,20,https://www.inaturalist.org/observations/183134674
114,san,m,NA,-119.506177914786,49.0099663011205,,https://www.inaturalist.org/observations/168929635
381,san,m,1,-119.603337267639,49.0108982532407,,https://www.inaturalist.org/observations/86816702
72,san,m,1,-119.506753138822,49.0115582001966,20,https://www.inaturalist.org/observations/182092700
66,san,m,1,-119.680711589119,49.0117722370471,10,https://www.inaturalist.org/observations/183277293
70,san,m,1,-119.604032887404,49.0123563792851,20,https://www.inaturalist.org/observations/182351897
291,san,m,1,-119.604246924254,49.0132972496074,,https://www.inaturalist.org/observations/121682656
305,san,m,1,-119.604492174812,49.0133373815169,20,https://www.inaturalist.org/observations/119611270
438,san,m,1,-119.605758559511,49.0139393601591,,https://www.inaturalist.org/observations/81262706
521,san,m,1,-119.678927948697,49.016267010909,,https://www.inaturalist.org/observations/49493215
519,san,m,1,-119.680684834512,49.0169581715723,,https://www.inaturalist.org/observations/49495258
520,san,m,1,-119.680666998108,49.0169581715723,61,https://www.inaturalist.org/observations/49495241
523,san,m,1,-119.682183092466,49.0187685666,,https://www.inaturalist.org/observations/49460530
439,san,m,1,-119.609802964167,49.0220950559859,,https://www.inaturalist.org/observations/81213512
362,san,m,1,-119.609160853615,49.022527588788,,https://www.inaturalist.org/observations/94046998
353,san,m,1,-119.609009244179,49.0227014937291,,https://www.inaturalist.org/observations/96137243
111,san,m,1,-119.564529711171,49.0266745527678,,https://www.inaturalist.org/observations/169716646
206,san,m,1,-119.609909982592,49.0272453177026,20,https://www.inaturalist.org/observations/139356992
303,san,m,1,-119.615537368122,49.029028958124,20,https://www.inaturalist.org/observations/119659912
393,san,m,1,-119.545288690126,49.0312406722465,,https://www.inaturalist.org/observations/85676800
365,san,m,1,-119.410476687977,49.0458799010049,,https://www.inaturalist.org/observations/92780143
518,san,m,1,-119.555780954904,49.046049346845,,https://www.inaturalist.org/observations/49533888
382,san,m,1,-119.408429960593,49.0463391884135,4,https://www.inaturalist.org/observations/86668023
517,san,m,1,-119.556967075785,49.0464907978493,,https://www.inaturalist.org/observations/49792251
407,san,m,1,-119.556351719839,49.0552395541161,122,https://www.inaturalist.org/observations/84018776
69,san,m,1,-119.574763348089,49.0790689901457,20,https://www.inaturalist.org/observations/182881468
107,san,m,NA,-119.573844773272,49.0810265355082,,https://www.inaturalist.org/observations/170223268
43,san,m,1,-119.572350974419,49.081512577523,5,https://www.inaturalist.org/observations/188086870
306,san,m,0,-119.536811939023,49.0899848695246,,https://www.inaturalist.org/observations/119121569
281,san,m,1,-119.522235137679,49.093110699363,,https://www.inaturalist.org/observations/123006402
282,san,m,1,-119.522212842174,49.0944216750728,,https://www.inaturalist.org/observations/123006401
283,san,m,1,-119.523702181926,49.0947293530454,15,https://www.inaturalist.org/observations/123003593
791,san,m,1,-119.52600753717,49.0950325719171,8,https://www.inaturalist.org/observations/217429529
56,san,m,1,-119.666995394278,49.1110853357095,8,https://www.inaturalist.org/observations/184917592
54,san,m,1,-119.102829928996,49.1827029577289,10,https://www.inaturalist.org/observations/185464772
46,san,m,1,-119.102843306299,49.1829392900847,5,https://www.inaturalist.org/observations/187205860
49,san,m,1,-119.102843306299,49.1829392900847,25,https://www.inaturalist.org/observations/187175427
38,san,m,1,-119.103026129443,49.1829437491858,20,https://www.inaturalist.org/observations/191202037
379,san,m,1,-119.549520377025,49.2579056969952,,https://www.inaturalist.org/observations/87191489
388,san,m,1,-119.550207078587,49.2592389682102,47,https://www.inaturalist.org/observations/86105935
429,san,m,1,-119.549841432301,49.2593638230397,,https://www.inaturalist.org/observations/82582004
428,san,m,1,-119.549850350503,49.2593816594439,,https://www.inaturalist.org/observations/82582005
343,san,m,1,-119.550198160385,49.2594530050608,8,https://www.inaturalist.org/observations/98527938
342,san,m,1,-119.550202619486,49.259470841465,,https://www.inaturalist.org/observations/98527939
389,san,m,1,-119.55038544263,49.2595198915766,,https://www.inaturalist.org/observations/86094069
380,san,m,1,-119.550452329145,49.259635828204,,https://www.inaturalist.org/observations/87179087
286,san,m,1,-119.586722657114,49.2874561596764,8,https://www.inaturalist.org/observations/122764915
61,san,m,1,-119.587204240028,49.2874784551817,10,https://www.inaturalist.org/observations/184181398
71,san,m,1,-119.587195321826,49.2874829142828,20,https://www.inaturalist.org/observations/182228032
287,san,m,1,-119.588109437542,49.2876345237186,,https://www.inaturalist.org/observations/122764888
351,san,m,1,-119.587610018224,49.2878307241649,,https://www.inaturalist.org/observations/96655620
378,san,m,1,-119.617704491233,49.2899889290748,4,https://www.inaturalist.org/observations/87198091
516,san,m,1,-119.519113766942,49.2998881334134,,https://www.inaturalist.org/observations/49874821
300,san,m,1,-120.592932187127,49.3758801335663,,https://www.inaturalist.org/observations/119819839
151,san,m,0,-117.598619075132,49.4335630647936,,https://www.inaturalist.org/observations/163900106
147,san,m,0,-117.598587861425,49.4335675238947,,https://www.inaturalist.org/observations/164709581
552,san,m,0,-115.89314223612,49.6033968466162,,https://www.inaturalist.org/observations/45554249
484,san,m,0,-115.728935839826,49.781337274154,8,https://www.inaturalist.org/observations/57995158
489,san,m,0,-115.743410081846,49.797439088058,,https://www.inaturalist.org/observations/55117369
115,san,m,1,-119.400581942739,49.9434612702552,15,https://www.inaturalist.org/observations/168914595
766,san,m,1,-119.399560808598,49.9436396342973,8,https://www.inaturalist.org/observations/221161605
10,san,m,1,-119.399534053992,49.9436619298026,8,https://www.inaturalist.org/observations/208983296
715,san,m,1,-119.39952959489,49.9436663889036,2,https://www.inaturalist.org/observations/213023136
714,san,m,1,-119.399618776912,49.9436797662068,2,https://www.inaturalist.org/observations/213023134
777,san,m,1,-119.399551890396,49.9436797662068,15,https://www.inaturalist.org/observations/219621101
816,san,m,1,-119.399596481406,49.943697602611,15,https://www.inaturalist.org/observations/214677816
713,san,m,1,-119.399681204326,49.9437288163184,2,https://www.inaturalist.org/observations/213023133
361,san,m,0,-114.941320361655,50.2170984655009,,https://www.inaturalist.org/observations/95084356
449,san,m,1,-119.256628783431,50.2781168043163,2120,https://www.inaturalist.org/observations/79083534
763,san,m,1,-121.392061064219,50.3792402980063,22,https://www.inaturalist.org/observations/221217754
761,san,m,1,-121.386108164312,50.3799269995686,204,https://www.inaturalist.org/observations/221300190
350,san,m,1,-121.494268119465,50.6372215894534,,https://www.inaturalist.org/observations/97065138
394,san,m,1,-121.29394746374,50.7358078546441,,https://www.inaturalist.org/observations/85422439
373,san,m,1,-121.293996513851,50.7358390683515,4,https://www.inaturalist.org/observations/88379666
355,san,m,1,-121.295873795395,50.7360129732925,3,https://www.inaturalist.org/observations/95674316
211,san,m,1,-121.687797564285,50.8341310328726,10,https://www.inaturalist.org/observations/136111310
220,san,m,1,-121.223672031137,50.8455864634789,,https://www.inaturalist.org/observations/133978387
51,san,m,1,-121.708594811598,50.8501302874523,20,https://www.inaturalist.org/observations/186298233
352,san,m,1,-119.56875693897,50.9017354639439,,https://www.inaturalist.org/observations/96613430
340,san,m,1,-119.568837202789,50.9018647778744,,https://www.inaturalist.org/observations/98831817
524,san,m,1,-122.948759996583,50.9394951316644,,https://www.inaturalist.org/observations/49301749
236,san,m,1,-123.006835328703,51.0494654818445,5270,https://www.inaturalist.org/observations/127189999
119,san,m,1,-121.76354431388,51.3692320774882,,https://www.inaturalist.org/observations/168320936
75,san,m,1,-121.948530121082,51.3877328877589,31,https://www.inaturalist.org/observations/180799071
144,san,m,1,-121.948530121082,51.3877328877589,50,https://www.inaturalist.org/observations/165235476
95,san,m,1,-122.181678678763,51.4090830636028,10,https://www.inaturalist.org/observations/172740456
136,san,m,1,-122.182182557182,51.4091767047249,,https://www.inaturalist.org/observations/165844219
128,san,m,1,-121.814221997353,51.4540976887374,,https://www.inaturalist.org/observations/166353389
135,san,m,1,-122.252203821024,51.4863860394654,45,https://www.inaturalist.org/observations/165929665
137,san,m,1,-122.252203821024,51.4863860394654,45,https://www.inaturalist.org/observations/165780349
141,san,m,1,-122.253782342797,51.486604535417,61,https://www.inaturalist.org/observations/165254280
142,san,m,1,-122.253782342797,51.486604535417,61,https://www.inaturalist.org/observations/165254232
121,san,m,1,-122.256355244105,51.487103954735,25,https://www.inaturalist.org/observations/167787410
143,san,m,1,-122.258214689244,51.488107252472,31,https://www.inaturalist.org/observations/165254227
140,san,m,1,-122.256939386343,51.4886423445984,,https://www.inaturalist.org/observations/165372210
73,san,m,1,-122.259391891922,51.4887092311142,20,https://www.inaturalist.org/observations/182073599
512,san,m,1,-121.438565029105,51.4905017897377,31,https://www.inaturalist.org/observations/50501524
130,san,m,1,-122.271859538468,51.5060239205047,,https://www.inaturalist.org/observations/166176523
481,san,m,1,-119.372257732848,52.9311570762871,31,https://www.inaturalist.org/observations/59704844
483,san,m,1,-119.373778286307,52.9312774720155,,https://www.inaturalist.org/observations/58880144
149,san,m,1,-119.387445431036,52.9375826409051,181,https://www.inaturalist.org/observations/164484498
482,san,m,1,-119.391387276367,52.9455733499929,,https://www.inaturalist.org/observations/59074255
581,tar,m,0,-115.824797594273,30.3177312812502,,https://www.inaturalist.org/observations/37902275
628,tar,m,0,-116.610299458545,31.8052026697597,,https://www.inaturalist.org/observations/35777101
335,tar,m,0,-116.620278926703,31.8569460783839,,https://www.inaturalist.org/observations/106535986
571,tar,m,0,-114.244407458012,32.6911011942499,,https://www.inaturalist.org/observations/37966525
667,tar,m,0,-114.613482793105,32.7312553992362,,https://www.inaturalist.org/observations/20068712
701,tar,m,0,-116.111098636511,32.8773979771618,,https://www.inaturalist.org/observations/4937894
697,tar,m,0,-115.407225076124,32.9743878841753,,https://www.inaturalist.org/observations/6597917
631,tar,m,0,-115.510002896304,33.0813349638411,,https://www.inaturalist.org/observations/35315173
793,tar,m,0,-116.644117280935,33.2723093437581,93,https://www.inaturalist.org/observations/216005384
474,tar,m,0,-117.720441715912,33.5513197557733,,https://www.inaturalist.org/observations/65653797
334,tar,m,0,-117.142065095573,33.6007622682539,6,https://www.inaturalist.org/observations/108336385
1,tar,m,0,-117.782762112235,33.7025635453041,,https://www.inaturalist.org/observations/209128068
3,tar,m,0,-117.706230560855,33.9233916067739,,https://www.inaturalist.org/observations/209023588
720,tar,m,0,-120.065291218574,33.9983803091897,4,https://www.inaturalist.org/observations/213518271
295,tar,m,0,-120.050116897689,34.0045606232497,25,https://www.inaturalist.org/observations/121167064
272,tar,m,0,-120.049367768712,34.0054747389657,24,https://www.inaturalist.org/observations/123740689
205,tar,m,1,-120.079225909366,34.0089439195853,31,https://www.inaturalist.org/observations/140101281
721,tar,m,0,-120.052640748886,34.0164798003656,5,https://www.inaturalist.org/observations/213689524
573,tar,m,0,-116.570265649288,34.0504492321908,,https://www.inaturalist.org/observations/37966521
559,tar,m,0,-117.295128198334,34.5407229339161,,https://www.inaturalist.org/observations/42593598
470,tar,m,0,-119.975975424474,34.6281837419784,,https://www.inaturalist.org/observations/71181758
467,tar,m,0,-119.93951335516,34.6652031989241,,https://www.inaturalist.org/observations/71222913
560,tar,m,0,-117.351268280596,34.6748526936037,141,https://www.inaturalist.org/observations/42593585
333,tar,m,0,-118.960798642242,34.8214188861294,16,https://www.inaturalist.org/observations/109600578
133,tar,m,0,-119.211859408854,34.8319869556261,,https://www.inaturalist.org/observations/166014903
575,tar,m,0,-114.601273774421,34.846581593374,,https://www.inaturalist.org/observations/37966379
568,tar,m,0,-114.562430545144,34.8664112157587,,https://www.inaturalist.org/observations/37966528
561,tar,m,0,-116.381431637876,35.0380197198006,,https://www.inaturalist.org/observations/42593582
664,tar,m,0,-116.381016941478,35.0383006431669,,https://www.inaturalist.org/observations/22535625
468,tar,m,0,-120.375131855273,35.1332661183022,,https://www.inaturalist.org/observations/71220681
99,tar,m,0,-119.840106615375,35.1336808147001,25,https://www.inaturalist.org/observations/171750239
666,tar,m,0,-120.84158058007,35.3302469073382,,https://www.inaturalist.org/observations/21408148
475,tar,m,0,-120.667425929326,35.7465708771931,28650,https://www.inaturalist.org/observations/65163115
31,tar,m,0,-120.305476237717,35.8256842480834,8,https://www.inaturalist.org/observations/206507542
577,tar,m,0,-116.266908545521,35.9202261086185,,https://www.inaturalist.org/observations/37966370
441,tar,m,0,-117.906881190058,35.937786048567,,https://www.inaturalist.org/observations/80488279
660,tar,m,0,-117.906881190058,35.937786048567,,https://www.inaturalist.org/observations/22705517
663,tar,m,0,-116.26233350784,35.9719026307269,,https://www.inaturalist.org/observations/22588778
44,tar,m,0,-115.023100274976,36.1011140019526,195,https://www.inaturalist.org/observations/187837400
466,tar,m,0,-115.023234048007,36.1023848457528,22,https://www.inaturalist.org/observations/71894606
288,tar,m,0,-115.025459139433,36.1027638693424,191,https://www.inaturalist.org/observations/122618103
659,tar,m,0,-117.215265698466,36.1214296663521,52,https://www.inaturalist.org/observations/22739725
179,tar,m,0,-119.664395738364,36.2085159099259,150,https://www.inaturalist.org/observations/154590947
567,tar,m,0,-117.97707189974,36.3102057094497,,https://www.inaturalist.org/observations/37966529
177,tar,m,0,-116.271073345904,36.3535035806787,4,https://www.inaturalist.org/observations/156011630
178,tar,m,0,-116.278346139723,36.3572581437657,4,https://www.inaturalist.org/observations/156009723
208,tar,m,0,-121.766656766415,36.5097638588946,,https://www.inaturalist.org/observations/137997644
576,tar,m,0,-116.885675703202,36.5342487827791,,https://www.inaturalist.org/observations/37966378
572,tar,m,0,-114.463019346258,36.5643789285972,,https://www.inaturalist.org/observations/37966522
227,tar,m,0,-121.924620421234,36.6096343451886,35,https://www.inaturalist.org/observations/132192010
218,tar,m,0,-121.925284827291,36.6097012317044,35,https://www.inaturalist.org/observations/134203337
223,tar,m,0,-121.924620421234,36.6099464822624,5,https://www.inaturalist.org/observations/132987009
229,tar,m,0,-121.924727439659,36.6099643186666,4,https://www.inaturalist.org/observations/130408954
225,tar,m,0,-121.924620421234,36.6099643186666,2,https://www.inaturalist.org/observations/132479698
212,tar,m,0,-121.923795487539,36.6099687777676,35,https://www.inaturalist.org/observations/135963594
317,tar,m,0,-121.924540157415,36.6099776959697,23,https://www.inaturalist.org/observations/117860435
52,tar,m,0,-121.92422356124,36.6100579597887,15,https://www.inaturalist.org/observations/186192691
587,tar,m,0,-121.939179386173,36.6203896969295,,https://www.inaturalist.org/observations/37902266
210,tar,m,0,-121.929672582727,36.6252099851683,4,https://www.inaturalist.org/observations/136308655
654,tar,m,0,-114.583334810883,36.6760036052681,,https://www.inaturalist.org/observations/25946542
586,tar,m,1,-117.831321722707,36.6951063941811,,https://www.inaturalist.org/observations/37902267
40,tar,m,0,-114.713571775351,36.7184453290948,509,https://www.inaturalist.org/observations/191051473
570,tar,m,0,-116.747755707619,36.9221326061152,,https://www.inaturalist.org/observations/37966526
708,tar,m,0,-122.023634760125,36.9813673045091,,https://www.inaturalist.org/observations/2410477
636,tar,m,0,-122.191368305352,37.0083270294783,8,https://www.inaturalist.org/observations/32645754
480,tar,m,0,-121.526369187948,37.0646856076928,,https://www.inaturalist.org/observations/61032086
19,tar,m,0,-121.782018369545,37.1819555062974,3,https://www.inaturalist.org/observations/208005103
34,tar,m,0,-121.80612872894,37.2049644677331,180,https://www.inaturalist.org/observations/205193908
783,tar,m,0,-122.545113251023,37.2134189233305,28420,https://www.inaturalist.org/observations/218563396
328,tar,m,0,-121.769140485702,37.2161657295794,4,https://www.inaturalist.org/observations/111850850
332,tar,m,0,-117.005835099289,37.2527481946219,,https://www.inaturalist.org/observations/111524969
784,tar,m,0,-118.027045045246,37.2793066004962,,https://www.inaturalist.org/observations/218412175
550,tar,m,0,-118.317947879771,37.2821871797767,,https://www.inaturalist.org/observations/45892737
584,tar,m,0,-118.407562433642,37.3619114475113,,https://www.inaturalist.org/observations/37902270
27,tar,m,0,-122.193620151384,37.3760111250423,4,https://www.inaturalist.org/observations/206679501
26,tar,m,0,-122.190538912556,37.3782094618616,2,https://www.inaturalist.org/observations/206690946
729,tar,m,0,-122.183061000089,37.3798414928472,4,https://www.inaturalist.org/observations/214664617
817,tar,m,0,-122.183061000089,37.3798414928472,4,https://www.inaturalist.org/observations/214664617
728,tar,m,0,-122.175462691894,37.3815314921464,2,https://www.inaturalist.org/observations/214664558
818,tar,m,0,-122.175462691894,37.3815314921464,2,https://www.inaturalist.org/observations/214664558
408,tar,m,0,-120.094538462384,37.4034524329252,,https://www.inaturalist.org/observations/84008703
492,tar,m,0,-122.169032668175,37.4126604766005,191,https://www.inaturalist.org/observations/53964923
318,tar,m,0,-118.403437765168,37.4798100793644,4,https://www.inaturalist.org/observations/117545564
442,tar,m,0,-115.233034752572,37.5345232492902,,https://www.inaturalist.org/observations/80422572
582,tar,m,0,-122.077518537255,37.5362578396,,https://www.inaturalist.org/observations/37902272
440,tar,m,0,-121.832892253463,37.5411583916577,5,https://www.inaturalist.org/observations/81113016
106,tar,m,0,-122.514153712409,37.5476731382968,5,https://inaturalist.org/observations/170276824
363,tar,m,0,-122.513886166346,37.5480610800884,,https://www.inaturalist.org/observations/93189230
39,tar,m,NA,-122.498426462993,37.619946248171,4,https://www.inaturalist.org/observations/191151550
454,tar,m,0,-122.573985930344,37.6245212858519,28360,https://www.inaturalist.org/observations/78289029
175,tar,m,0,-122.425167891786,37.7117011705478,15,https://www.inaturalist.org/observations/158488279
181,tar,m,0,-122.427054091532,37.7126420408701,62,https://www.inaturalist.org/observations/152096686
487,tar,m,0,-122.427178946361,37.712891750529,10,https://www.inaturalist.org/observations/56532128
486,tar,m,0,-122.427361769504,37.713052278167,6,https://www.inaturalist.org/observations/56686967
174,tar,m,0,-122.426086466603,37.7136141248997,4,https://www.inaturalist.org/observations/158488288
327,tar,m,0,-122.425306123919,37.7139262619734,4,https://www.inaturalist.org/observations/113525001
37,tar,m,0,-122.450673949812,37.7248243049481,25,https://www.inaturalist.org/observations/191716116
698,tar,m,0,-121.777608318603,37.8181399126935,,https://www.inaturalist.org/observations/6489668
477,tar,m,0,-122.530447267658,37.8194776430096,,https://www.inaturalist.org/observations/62460259
331,tar,m,0,-118.578934605328,37.8232990926124,,https://www.inaturalist.org/observations/111645477
330,tar,m,0,-117.338006914063,37.8256490388675,,https://www.inaturalist.org/observations/111651150
385,tar,m,0,-122.226180507276,37.8500715353373,,https://www.inaturalist.org/observations/86325013
20,tar,m,0,-121.769372358957,37.8588559644125,17,https://www.inaturalist.org/observations/207737977
21,tar,m,0,-121.771717846111,37.8655356977906,193,https://www.inaturalist.org/observations/207737301
684,tar,m,0,-122.246763717739,37.8786187002814,5,https://www.inaturalist.org/observations/10509687
668,tar,m,0,-120.663912157696,37.8846429458046,28330,https://www.inaturalist.org/observations/17710725
478,tar,m,0,-121.931197595288,37.9192634063836,5,https://www.inaturalist.org/observations/61758715
661,tar,m,0,-117.993187090947,37.9777534349016,,https://www.inaturalist.org/observations/22658613
585,tar,m,0,-119.122516860147,37.9780566537733,,https://www.inaturalist.org/observations/37902269
658,tar,m,0,-118.983718421657,38.0723175909421,3010,https://www.inaturalist.org/observations/24521098
563,tar,m,0,-119.006664955678,38.0830105152682,753,https://www.inaturalist.org/observations/42353760
14,tar,m,0,-122.953183424828,38.1202306317613,419,https://www.inaturalist.org/observations/208420219
125,tar,m,0,-122.579671284187,38.1271779112026,7,https://www.inaturalist.org/observations/166919748
344,tar,m,0,-122.899665293984,38.1649375789232,5,https://www.inaturalist.org/observations/98392687
345,tar,m,0,-122.952055272261,38.2203909596238,2,https://www.inaturalist.org/observations/98308742
549,tar,m,0,-118.095848974501,38.2699806224392,,https://www.inaturalist.org/observations/46102449
662,tar,m,0,-118.095242536758,38.2703150550182,,https://www.inaturalist.org/observations/22640976
548,tar,m,0,-118.103563219323,38.3477874767208,,https://www.inaturalist.org/observations/46111939
418,tar,m,0,-118.103594433031,38.3478231495292,,https://www.inaturalist.org/observations/83519593
326,tar,m,0,-117.29680482033,38.4567946610733,1000,https://www.inaturalist.org/observations/113841463
17,tar,m,0,-121.754416534024,38.5398142044864,5,https://www.inaturalist.org/observations/208216505
18,tar,m,0,-121.199178189051,38.6507298840898,1640,https://www.inaturalist.org/observations/208057712
651,tar,m,0,-109.712828176044,38.6563929424277,,https://www.inaturalist.org/observations/26143231
432,tar,m,0,-118.776718032554,38.8478890371679,,https://www.inaturalist.org/observations/82379819
652,tar,m,0,-110.149833456585,38.9896394005559,,https://www.inaturalist.org/observations/26120673
765,tar,m,0,-117.550612393191,39.3124381849159,2,https://www.inaturalist.org/observations/221171637
248,tar,m,0,-117.168984688633,39.4715121558965,,https://www.inaturalist.org/observations/126217766
374,tar,m,0,-121.53259855212,39.4839708842398,,https://www.inaturalist.org/observations/87956877
329,tar,m,0,-116.38644366746,39.5291594143155,,https://www.inaturalist.org/observations/111789797
547,tar,m,0,-118.771416161401,39.5416003062546,,https://www.inaturalist.org/observations/46122405
764,tar,m,0,-118.056287829955,39.7998402255628,,https://www.inaturalist.org/observations/221181006
769,tar,m,0,-114.774750641804,39.8883221677663,,https://www.inaturalist.org/observations/220041934
650,tar,m,0,-119.368596810883,40.1830999611065,25,https://www.inaturalist.org/observations/26233122
569,tar,m,0,-118.468353358304,40.186899115204,,https://www.inaturalist.org/observations/37966527
113,tar,m,0,-120.398934536696,40.2541289817868,27970,https://www.inaturalist.org/observations/169116096
514,tar,m,0,-120.236480567117,40.3480376499724,,https://www.inaturalist.org/observations/50428514
62,tar,m,0,-120.618540804477,40.3665875103547,162,https://www.inaturalist.org/observations/184115438
538,tar,m,0,-116.929499748355,40.6450004028287,,https://www.inaturalist.org/observations/46395998
539,tar,m,0,-117.492858116346,40.9587695075555,,https://www.inaturalist.org/observations/46395997
757,tar,m,0,-120.077919392758,41.5411504006408,,https://www.inaturalist.org/observations/221611684
583,tar,m,0,-122.660813546057,41.8290522601565,,https://www.inaturalist.org/observations/37902271
574,tar,m,0,-118.735319738373,41.9094587703523,,https://www.inaturalist.org/observations/37966520
541,tar,m,0,-118.723338133843,41.9152154698122,,https://www.inaturalist.org/observations/46285266
542,tar,m,0,-118.711031014935,41.9235941206917,15,https://www.inaturalist.org/observations/46238506
455,tar,m,0,-122.591813416356,42.0160892538433,,https://www.inaturalist.org/observations/77681609
45,tar,m,0,-122.718429590768,42.2122451091844,27660,https://www.inaturalist.org/observations/187288992
321,tub,m,0,-100.31076009564,29.8243763406969,,https://www.inaturalist.org/observations/117373408
323,tub,m,0,-100.320922386941,29.8532088881085,5,https://www.inaturalist.org/observations/117170137
557,tub,m,0,-109.770203429298,32.1575028666893,,https://www.inaturalist.org/observations/43361682
718,tub,m,0,-104.969512939653,38.2059390131096,28270,https://www.inaturalist.org/observations/213038567
781,tub,m,0,-104.907861408488,38.2651603342004,28270,https://www.inaturalist.org/observations/219115128
716,tub,m,0,-104.811629548654,38.2827425696542,28270,https://www.inaturalist.org/observations/213038524
717,tub,m,0,-104.890350518651,38.2991921934403,28270,https://www.inaturalist.org/observations/213038557
172,tub,m,0,-105.170257209978,40.1452511113648,3,https://www.inaturalist.org/observations/160619445
354,wau,m,1,-66.5359635723715,50.3074130982374,26390,https://www.inaturalist.org/observations/95809179
